id,STATE,Demographic,Total population,Total citizen population,Total registered,Percent registered (Total),Percent registered (Citizen),Total voted in 2018 elections,Percent voted (Total),Percent voted (Citizen)
1,US,Total,249748.0,228832.0,153066.0,61.0,67.0,122281.0,49.0,53.0
2,US,Male,120573.0,110006.0,71726.0,60.0,65.0,56964.0,47.0,52.0
3,US,Female,129176.0,118826.0,81340.0,63.0,69.0,65317.0,51.0,55.0
4,US,White alone,194127.0,180522.0,123727.0,64.0,69.0,99255.0,51.0,55.0
5,US,White non-Hispanic alone,157610.0,154982.0,110054.0,70.0,71.0,89075.0,57.0,58.0
6,US,Black alone,31623.0,29758.0,19023.0,60.0,64.0,15194.0,48.0,51.0
7,US,Asian alone,15659.0,11128.0,5898.0,38.0,53.0,4519.0,29.0,41.0
8,US,Hispanic (of any race),41049.0,28955.0,15558.0,38.0,54.0,11695.0,29.0,40.0
9,US,White alone or in combination,198477.0,184394.0,126194.0,64.0,68.0,101115.0,51.0,55.0
10,US,Black alone or in combination,33595.0,31422.0,20015.0,60.0,64.0,15887.0,47.0,51.0
11,US,Asian alone or in combination,16733.0,12170.0,6595.0,39.0,54.0,5080.0,30.0,42.0
12,ALABAMA,Total,3753.0,3609.0,2490.0,66.0,69.0,1830.0,49.0,51.0
13,ALABAMA,Male,1772.0,1681.0,1122.0,63.0,67.0,821.0,46.0,49.0
14,ALABAMA,Female,1982.0,1927.0,1368.0,69.0,71.0,1010.0,51.0,52.0
15,ALABAMA,White alone,2610.0,2534.0,1774.0,68.0,70.0,1309.0,50.0,52.0
16,ALABAMA,White non-Hispanic alone,2494.0,2470.0,1760.0,71.0,71.0,1298.0,52.0,53.0
17,ALABAMA,Black alone,976.0,975.0,657.0,67.0,67.0,483.0,49.0,50.0
18,ALABAMA,Asian alone,61.0,37.0,13.0,B,B,7.0,B,B
19,ALABAMA,Hispanic (of any race),169.0,77.0,26.0,16.0,34.0,22.0,13.0,29.0
20,ALABAMA,White alone or in combination,2636.0,2561.0,1796.0,68.0,70.0,1322.0,50.0,52.0
21,ALABAMA,Black alone or in combination,979.0,977.0,659.0,67.0,67.0,485.0,50.0,50.0
22,ALABAMA,Asian alone or in combination,61.0,37.0,13.0,B,B,7.0,B,B
23,ALASKA,Total,523.0,497.0,337.0,64.0,68.0,263.0,50.0,53.0
24,ALASKA,Male,265.0,255.0,175.0,66.0,68.0,133.0,50.0,52.0
25,ALASKA,Female,258.0,242.0,162.0,63.0,67.0,130.0,50.0,54.0
26,ALASKA,White alone,330.0,324.0,236.0,72.0,73.0,193.0,59.0,60.0
27,ALASKA,White non-Hispanic alone,314.0,310.0,229.0,73.0,74.0,187.0,60.0,60.0
28,ALASKA,Black alone,16.0,15.0,9.0,B,B,8.0,B,B
29,ALASKA,Asian alone,55.0,37.0,23.0,B,B,15.0,B,B
30,ALASKA,Hispanic (of any race),20.0,18.0,10.0,B,B,8.0,B,B
31,ALASKA,White alone or in combination,356.0,350.0,255.0,72.0,73.0,210.0,59.0,60.0
32,ALASKA,Black alone or in combination,18.0,17.0,11.0,B,B,9.0,B,B
33,ALASKA,Asian alone or in combination,60.0,42.0,25.0,B,B,18.0,B,B
34,ARIZONA,Total,5361.0,4757.0,3262.0,61.0,69.0,2800.0,52.0,59.0
35,ARIZONA,Male,2606.0,2259.0,1539.0,59.0,68.0,1288.0,49.0,57.0
36,ARIZONA,Female,2755.0,2497.0,1723.0,63.0,69.0,1512.0,55.0,61.0
37,ARIZONA,White alone,4635.0,4168.0,2968.0,64.0,71.0,2535.0,55.0,61.0
38,ARIZONA,White non-Hispanic alone,3128.0,3065.0,2272.0,73.0,74.0,2000.0,64.0,65.0
39,ARIZONA,Black alone,257.0,222.0,114.0,44.0,52.0,104.0,41.0,47.0
40,ARIZONA,Asian alone,198.0,106.0,63.0,32.0,60.0,59.0,30.0,56.0
41,ARIZONA,Hispanic (of any race),1624.0,1205.0,757.0,47.0,63.0,588.0,36.0,49.0
42,ARIZONA,White alone or in combination,4688.0,4216.0,2996.0,64.0,71.0,2563.0,55.0,61.0
43,ARIZONA,Black alone or in combination,280.0,239.0,132.0,47.0,55.0,122.0,44.0,51.0
44,ARIZONA,Asian alone or in combination,209.0,117.0,71.0,34.0,61.0,67.0,32.0,57.0
45,ARKANSAS,Total,2261.0,2158.0,1262.0,56.0,59.0,919.0,41.0,43.0
46,ARKANSAS,Male,1093.0,1034.0,602.0,55.0,58.0,431.0,39.0,42.0
47,ARKANSAS,Female,1169.0,1125.0,660.0,57.0,59.0,488.0,42.0,43.0
48,ARKANSAS,White alone,1833.0,1765.0,1031.0,56.0,58.0,756.0,41.0,43.0
49,ARKANSAS,White non-Hispanic alone,1678.0,1676.0,995.0,59.0,59.0,737.0,44.0,44.0
50,ARKANSAS,Black alone,327.0,317.0,178.0,55.0,56.0,132.0,40.0,42.0
51,ARKANSAS,Asian alone,37.0,19.0,9.0,B,B,6.0,B,B
52,ARKANSAS,Hispanic (of any race),172.0,102.0,43.0,25.0,42.0,21.0,12.0,21.0
53,ARKANSAS,White alone or in combination,1878.0,1805.0,1061.0,57.0,59.0,771.0,41.0,43.0
54,ARKANSAS,Black alone or in combination,336.0,325.0,184.0,55.0,57.0,135.0,40.0,42.0
55,ARKANSAS,Asian alone or in combination,53.0,31.0,18.0,B,B,7.0,B,B
56,CALIFORNIA,Total,30243.0,25525.0,15690.0,52.0,62.0,13240.0,44.0,52.0
57,CALIFORNIA,Male,14767.0,12449.0,7372.0,50.0,59.0,6205.0,42.0,50.0
58,CALIFORNIA,Female,15476.0,13076.0,8318.0,54.0,64.0,7035.0,46.0,54.0
59,CALIFORNIA,White alone,21467.0,18311.0,11711.0,55.0,64.0,10005.0,47.0,55.0
60,CALIFORNIA,White non-Hispanic alone,11986.0,11587.0,8005.0,67.0,69.0,7116.0,59.0,61.0
61,CALIFORNIA,Black alone,1912.0,1845.0,1061.0,56.0,58.0,933.0,49.0,51.0
62,CALIFORNIA,Asian alone,5222.0,3983.0,2061.0,40.0,52.0,1620.0,31.0,41.0
63,CALIFORNIA,Hispanic (of any race),10595.0,7613.0,4211.0,40.0,55.0,3300.0,31.0,43.0
64,CALIFORNIA,White alone or in combination,22303.0,19010.0,12125.0,54.0,64.0,10332.0,46.0,54.0
65,CALIFORNIA,Black alone or in combination,2094.0,1999.0,1154.0,55.0,58.0,998.0,48.0,50.0
66,CALIFORNIA,Asian alone or in combination,5571.0,4320.0,2278.0,41.0,53.0,1795.0,32.0,42.0
67,COLORADO,Total,4353.0,4029.0,2645.0,61.0,66.0,2342.0,54.0,58.0
68,COLORADO,Male,2171.0,2004.0,1315.0,61.0,66.0,1144.0,53.0,57.0
69,COLORADO,Female,2182.0,2025.0,1330.0,61.0,66.0,1198.0,55.0,59.0
70,COLORADO,White alone,3911.0,3666.0,2439.0,62.0,67.0,2185.0,56.0,60.0
71,COLORADO,White non-Hispanic alone,3136.0,3107.0,2141.0,68.0,69.0,1945.0,62.0,63.0
72,COLORADO,Black alone,185.0,170.0,73.0,40.0,43.0,51.0,28.0,30.0
73,COLORADO,Asian alone,156.0,93.0,75.0,48.0,81.0,66.0,42.0,72.0
74,COLORADO,Hispanic (of any race),806.0,590.0,323.0,40.0,55.0,259.0,32.0,44.0
75,COLORADO,White alone or in combination,3998.0,3753.0,2486.0,62.0,66.0,2213.0,55.0,59.0
76,COLORADO,Black alone or in combination,219.0,204.0,88.0,40.0,43.0,63.0,29.0,31.0
77,COLORADO,Asian alone or in combination,185.0,121.0,89.0,48.0,74.0,73.0,39.0,60.0
78,CONNECTICUT,Total,2834.0,2539.0,1726.0,61.0,68.0,1370.0,48.0,54.0
79,CONNECTICUT,Male,1365.0,1222.0,804.0,59.0,66.0,662.0,49.0,54.0
80,CONNECTICUT,Female,1469.0,1316.0,921.0,63.0,70.0,708.0,48.0,54.0
81,CONNECTICUT,White alone,2326.0,2141.0,1483.0,64.0,69.0,1193.0,51.0,56.0
82,CONNECTICUT,White non-Hispanic alone,1934.0,1888.0,1347.0,70.0,71.0,1090.0,56.0,58.0
83,CONNECTICUT,Black alone,319.0,258.0,158.0,50.0,61.0,124.0,39.0,48.0
84,CONNECTICUT,Asian alone,142.0,100.0,51.0,36.0,51.0,38.0,27.0,38.0
85,CONNECTICUT,Hispanic (of any race),464.0,293.0,164.0,35.0,56.0,120.0,26.0,41.0
86,CONNECTICUT,White alone or in combination,2356.0,2171.0,1506.0,64.0,69.0,1201.0,51.0,55.0
87,CONNECTICUT,Black alone or in combination,335.0,274.0,174.0,52.0,64.0,132.0,40.0,48.0
88,CONNECTICUT,Asian alone or in combination,154.0,112.0,59.0,38.0,53.0,38.0,25.0,34.0
89,DELAWARE,Total,756.0,713.0,472.0,62.0,66.0,369.0,49.0,52.0
90,DELAWARE,Male,359.0,334.0,215.0,60.0,64.0,167.0,46.0,50.0
91,DELAWARE,Female,397.0,379.0,258.0,65.0,68.0,202.0,51.0,53.0
92,DELAWARE,White alone,540.0,513.0,340.0,63.0,66.0,264.0,49.0,51.0
93,DELAWARE,White non-Hispanic alone,477.0,468.0,316.0,66.0,68.0,247.0,52.0,53.0
94,DELAWARE,Black alone,163.0,159.0,109.0,67.0,68.0,90.0,55.0,56.0
95,DELAWARE,Asian alone,41.0,28.0,15.0,B,B,11.0,B,B
96,DELAWARE,Hispanic (of any race),73.0,52.0,27.0,B,B,20.0,B,B
97,DELAWARE,White alone or in combination,548.0,521.0,346.0,63.0,67.0,266.0,49.0,51.0
98,DELAWARE,Black alone or in combination,173.0,168.0,116.0,67.0,69.0,93.0,54.0,55.0
99,DELAWARE,Asian alone or in combination,43.0,31.0,15.0,B,B,11.0,B,B
100,DISTRICT OF COLUMBIA,Total,567.0,512.0,397.0,70.0,78.0,313.0,55.0,61.0
101,DISTRICT OF COLUMBIA,Male,264.0,235.0,179.0,68.0,76.0,141.0,53.0,60.0
102,DISTRICT OF COLUMBIA,Female,304.0,277.0,218.0,72.0,79.0,172.0,57.0,62.0
103,DISTRICT OF COLUMBIA,White alone,270.0,247.0,207.0,77.0,84.0,168.0,62.0,68.0
104,DISTRICT OF COLUMBIA,White non-Hispanic alone,235.0,223.0,191.0,81.0,86.0,155.0,66.0,70.0
105,DISTRICT OF COLUMBIA,Black alone,251.0,228.0,163.0,65.0,72.0,123.0,49.0,54.0
106,DISTRICT OF COLUMBIA,Asian alone,30.0,22.0,16.0,B,B,13.0,B,B
107,DISTRICT OF COLUMBIA,Hispanic (of any race),53.0,35.0,24.0,B,B,20.0,B,B
108,DISTRICT OF COLUMBIA,White alone or in combination,281.0,257.0,214.0,76.0,83.0,174.0,62.0,68.0
109,DISTRICT OF COLUMBIA,Black alone or in combination,258.0,234.0,169.0,66.0,72.0,128.0,50.0,55.0
110,DISTRICT OF COLUMBIA,Asian alone or in combination,33.0,25.0,17.0,B,B,14.0,B,B
111,FLORIDA,Total,16845.0,15047.0,9435.0,56.0,63.0,7918.0,47.0,53.0
112,FLORIDA,Male,8035.0,7145.0,4383.0,55.0,61.0,3648.0,45.0,51.0
113,FLORIDA,Female,8810.0,7902.0,5052.0,57.0,64.0,4270.0,49.0,54.0
114,FLORIDA,White alone,13425.0,12154.0,7798.0,58.0,64.0,6579.0,49.0,54.0
115,FLORIDA,White non-Hispanic alone,9592.0,9332.0,6211.0,65.0,67.0,5315.0,55.0,57.0
116,FLORIDA,Black alone,2644.0,2317.0,1340.0,51.0,58.0,1094.0,41.0,47.0
117,FLORIDA,Asian alone,454.0,330.0,159.0,35.0,48.0,134.0,29.0,41.0
118,FLORIDA,Hispanic (of any race),4288.0,3146.0,1723.0,40.0,55.0,1393.0,33.0,44.0
119,FLORIDA,White alone or in combination,13676.0,12353.0,7899.0,58.0,64.0,6666.0,49.0,54.0
120,FLORIDA,Black alone or in combination,2842.0,2463.0,1418.0,50.0,58.0,1167.0,41.0,47.0
121,FLORIDA,Asian alone or in combination,458.0,334.0,159.0,35.0,48.0,134.0,29.0,40.0
122,GEORGIA,Total,7850.0,7311.0,4840.0,62.0,66.0,4084.0,52.0,56.0
123,GEORGIA,Male,3700.0,3417.0,2189.0,59.0,64.0,1814.0,49.0,53.0
124,GEORGIA,Female,4150.0,3893.0,2651.0,64.0,68.0,2270.0,55.0,58.0
125,GEORGIA,White alone,4949.0,4686.0,3093.0,63.0,66.0,2581.0,52.0,55.0
126,GEORGIA,White non-Hispanic alone,4491.0,4454.0,2973.0,66.0,67.0,2496.0,56.0,56.0
127,GEORGIA,Black alone,2439.0,2305.0,1577.0,65.0,68.0,1374.0,56.0,60.0
128,GEORGIA,Asian alone,318.0,191.0,108.0,34.0,56.0,84.0,26.0,44.0
129,GEORGIA,Hispanic (of any race),525.0,264.0,135.0,26.0,51.0,101.0,19.0,38.0
130,GEORGIA,White alone or in combination,5043.0,4780.0,3135.0,62.0,66.0,2609.0,52.0,55.0
131,GEORGIA,Black alone or in combination,2495.0,2361.0,1600.0,64.0,68.0,1382.0,55.0,59.0
132,GEORGIA,Asian alone or in combination,327.0,200.0,108.0,33.0,54.0,84.0,26.0,42.0
133,HAWAII,Total,1057.0,971.0,523.0,50.0,54.0,427.0,40.0,44.0
134,HAWAII,Male,504.0,462.0,237.0,47.0,51.0,193.0,38.0,42.0
135,HAWAII,Female,553.0,509.0,287.0,52.0,56.0,234.0,42.0,46.0
136,HAWAII,White alone,237.0,231.0,137.0,58.0,59.0,111.0,47.0,48.0
137,HAWAII,White non-Hispanic alone,211.0,206.0,125.0,59.0,61.0,104.0,49.0,50.0
138,HAWAII,Black alone,22.0,21.0,10.0,B,B,4.0,B,B
139,HAWAII,Asian alone,480.0,417.0,218.0,45.0,52.0,186.0,39.0,45.0
140,HAWAII,Hispanic (of any race),82.0,79.0,34.0,41.0,43.0,25.0,30.0,31.0
141,HAWAII,White alone or in combination,351.0,346.0,211.0,60.0,61.0,171.0,49.0,49.0
142,HAWAII,Black alone or in combination,28.0,27.0,15.0,B,B,8.0,B,B
143,HAWAII,Asian alone or in combination,590.0,527.0,285.0,48.0,54.0,241.0,41.0,46.0
144,IDAHO,Total,1299.0,1226.0,743.0,57.0,61.0,587.0,45.0,48.0
145,IDAHO,Male,645.0,608.0,362.0,56.0,60.0,286.0,44.0,47.0
146,IDAHO,Female,654.0,618.0,381.0,58.0,62.0,301.0,46.0,49.0
147,IDAHO,White alone,1214.0,1163.0,708.0,58.0,61.0,555.0,46.0,48.0
148,IDAHO,White non-Hispanic alone,1048.0,1044.0,664.0,63.0,64.0,531.0,51.0,51.0
149,IDAHO,Black alone,8.0,8.0,8.0,B,B,6.0,B,B
150,IDAHO,Asian alone,33.0,22.0,9.0,B,B,8.0,B,B
151,IDAHO,Hispanic (of any race),182.0,126.0,51.0,28.0,40.0,30.0,17.0,24.0
152,IDAHO,White alone or in combination,1232.0,1178.0,715.0,58.0,61.0,562.0,46.0,48.0
153,IDAHO,Black alone or in combination,12.0,12.0,11.0,B,B,9.0,B,B
154,IDAHO,Asian alone or in combination,33.0,22.0,9.0,B,B,8.0,B,B
155,ILLINOIS,Total,9732.0,8947.0,6068.0,62.0,68.0,4740.0,49.0,53.0
156,ILLINOIS,Male,4711.0,4316.0,2794.0,59.0,65.0,2183.0,46.0,51.0
157,ILLINOIS,Female,5021.0,4630.0,3274.0,65.0,71.0,2557.0,51.0,55.0
158,ILLINOIS,White alone,7564.0,7078.0,4892.0,65.0,69.0,3802.0,50.0,54.0
159,ILLINOIS,White non-Hispanic alone,6248.0,6120.0,4436.0,71.0,73.0,3494.0,56.0,57.0
160,ILLINOIS,Black alone,1334.0,1274.0,861.0,65.0,68.0,723.0,54.0,57.0
161,ILLINOIS,Asian alone,673.0,455.0,205.0,31.0,45.0,150.0,22.0,33.0
162,ILLINOIS,Hispanic (of any race),1458.0,1061.0,537.0,37.0,51.0,354.0,24.0,33.0
163,ILLINOIS,White alone or in combination,7666.0,7180.0,4973.0,65.0,69.0,3857.0,50.0,54.0
164,ILLINOIS,Black alone or in combination,1382.0,1322.0,895.0,65.0,68.0,740.0,54.0,56.0
165,ILLINOIS,Asian alone or in combination,688.0,470.0,214.0,31.0,46.0,160.0,23.0,34.0
166,INDIANA,Total,5006.0,4792.0,3131.0,63.0,65.0,2364.0,47.0,49.0
167,INDIANA,Male,2404.0,2331.0,1522.0,63.0,65.0,1115.0,46.0,48.0
168,INDIANA,Female,2602.0,2461.0,1609.0,62.0,65.0,1249.0,48.0,51.0
169,INDIANA,White alone,4260.0,4125.0,2723.0,64.0,66.0,2066.0,49.0,50.0
170,INDIANA,White non-Hispanic alone,3937.0,3921.0,2634.0,67.0,67.0,1996.0,51.0,51.0
171,INDIANA,Black alone,484.0,468.0,299.0,62.0,64.0,221.0,46.0,47.0
172,INDIANA,Asian alone,138.0,98.0,40.0,29.0,41.0,27.0,20.0,28.0
173,INDIANA,Hispanic (of any race),337.0,212.0,96.0,28.0,45.0,77.0,23.0,37.0
174,INDIANA,White alone or in combination,4342.0,4197.0,2775.0,64.0,66.0,2099.0,48.0,50.0
175,INDIANA,Black alone or in combination,544.0,518.0,329.0,60.0,64.0,245.0,45.0,47.0
176,INDIANA,Asian alone or in combination,147.0,108.0,49.0,34.0,46.0,34.0,23.0,31.0
177,IOWA,Total,2376.0,2239.0,1658.0,70.0,74.0,1335.0,56.0,60.0
178,IOWA,Male,1176.0,1105.0,833.0,71.0,75.0,660.0,56.0,60.0
179,IOWA,Female,1201.0,1134.0,825.0,69.0,73.0,675.0,56.0,60.0
180,IOWA,White alone,2192.0,2119.0,1580.0,72.0,75.0,1270.0,58.0,60.0
181,IOWA,White non-Hispanic alone,2007.0,1983.0,1499.0,75.0,76.0,1206.0,60.0,61.0
182,IOWA,Black alone,89.0,76.0,47.0,53.0,61.0,41.0,46.0,54.0
183,IOWA,Asian alone,62.0,22.0,14.0,B,B,12.0,B,B
184,IOWA,Hispanic (of any race),206.0,148.0,85.0,42.0,58.0,69.0,34.0,47.0
185,IOWA,White alone or in combination,2218.0,2133.0,1591.0,72.0,75.0,1279.0,58.0,60.0
186,IOWA,Black alone or in combination,100.0,80.0,49.0,49.0,61.0,41.0,41.0,51.0
187,IOWA,Asian alone or in combination,72.0,26.0,19.0,B,B,16.0,B,B
188,KANSAS,Total,2149.0,2026.0,1449.0,67.0,72.0,1152.0,54.0,57.0
189,KANSAS,Male,1049.0,980.0,692.0,66.0,71.0,554.0,53.0,57.0
190,KANSAS,Female,1100.0,1046.0,757.0,69.0,72.0,598.0,54.0,57.0
191,KANSAS,White alone,1880.0,1777.0,1311.0,70.0,74.0,1028.0,55.0,58.0
192,KANSAS,White non-Hispanic alone,1667.0,1662.0,1249.0,75.0,75.0,982.0,59.0,59.0
193,KANSAS,Black alone,129.0,125.0,65.0,50.0,52.0,58.0,45.0,47.0
194,KANSAS,Asian alone,59.0,46.0,33.0,B,B,33.0,B,B
195,KANSAS,Hispanic (of any race),231.0,134.0,71.0,31.0,53.0,55.0,24.0,41.0
196,KANSAS,White alone or in combination,1934.0,1831.0,1338.0,69.0,73.0,1050.0,54.0,57.0
197,KANSAS,Black alone or in combination,136.0,131.0,66.0,49.0,51.0,60.0,44.0,45.0
198,KANSAS,Asian alone or in combination,64.0,51.0,36.0,B,B,36.0,B,B
199,KENTUCKY,Total,3370.0,3249.0,2389.0,71.0,74.0,1746.0,52.0,54.0
200,KENTUCKY,Male,1627.0,1553.0,1092.0,67.0,70.0,789.0,49.0,51.0
201,KENTUCKY,Female,1743.0,1696.0,1297.0,75.0,77.0,958.0,55.0,57.0
202,KENTUCKY,White alone,3014.0,2954.0,2194.0,73.0,74.0,1587.0,53.0,54.0
203,KENTUCKY,White non-Hispanic alone,2928.0,2921.0,2183.0,75.0,75.0,1579.0,54.0,54.0
204,KENTUCKY,Black alone,248.0,233.0,164.0,66.0,71.0,131.0,53.0,56.0
205,KENTUCKY,Asian alone,82.0,37.0,14.0,17.0,B,12.0,14.0,B
206,KENTUCKY,Hispanic (of any race),96.0,37.0,15.0,16.0,B,12.0,13.0,B
207,KENTUCKY,White alone or in combination,3036.0,2976.0,2207.0,73.0,74.0,1600.0,53.0,54.0
208,KENTUCKY,Black alone or in combination,264.0,248.0,171.0,65.0,69.0,138.0,52.0,56.0
209,KENTUCKY,Asian alone or in combination,82.0,37.0,14.0,17.0,B,12.0,14.0,B
210,LOUISIANA,Total,3458.0,3326.0,2263.0,65.0,68.0,1656.0,48.0,50.0
211,LOUISIANA,Male,1635.0,1557.0,1032.0,63.0,66.0,774.0,47.0,50.0
212,LOUISIANA,Female,1823.0,1770.0,1231.0,68.0,70.0,882.0,48.0,50.0
213,LOUISIANA,White alone,2212.0,2120.0,1501.0,68.0,71.0,1075.0,49.0,51.0
214,LOUISIANA,White non-Hispanic alone,2047.0,2023.0,1455.0,71.0,72.0,1046.0,51.0,52.0
215,LOUISIANA,Black alone,1076.0,1072.0,688.0,64.0,64.0,531.0,49.0,50.0
216,LOUISIANA,Asian alone,60.0,34.0,17.0,B,B,9.0,B,B
217,LOUISIANA,Hispanic (of any race),189.0,112.0,56.0,30.0,50.0,35.0,18.0,31.0
218,LOUISIANA,White alone or in combination,2289.0,2188.0,1543.0,67.0,71.0,1106.0,48.0,51.0
219,LOUISIANA,Black alone or in combination,1133.0,1125.0,712.0,63.0,63.0,552.0,49.0,49.0
220,LOUISIANA,Asian alone or in combination,70.0,42.0,23.0,B,B,12.0,B,B
221,MAINE,Total,1074.0,1056.0,828.0,77.0,78.0,693.0,65.0,66.0
222,MAINE,Male,527.0,519.0,397.0,75.0,77.0,329.0,62.0,63.0
223,MAINE,Female,546.0,537.0,431.0,79.0,80.0,364.0,67.0,68.0
224,MAINE,White alone,1011.0,1002.0,796.0,79.0,79.0,669.0,66.0,67.0
225,MAINE,White non-Hispanic alone,1001.0,994.0,788.0,79.0,79.0,666.0,67.0,67.0
226,MAINE,Black alone,17.0,11.0,5.0,B,B,3.0,B,B
227,MAINE,Asian alone,20.0,17.0,6.0,B,B,6.0,B,B
228,MAINE,Hispanic (of any race),11.0,10.0,8.0,B,B,3.0,B,B
229,MAINE,White alone or in combination,1032.0,1023.0,815.0,79.0,80.0,682.0,66.0,67.0
230,MAINE,Black alone or in combination,20.0,14.0,7.0,B,B,5.0,B,B
231,MAINE,Asian alone or in combination,20.0,17.0,6.0,B,B,6.0,B,B
232,MARYLAND,Total,4666.0,4281.0,3095.0,66.0,72.0,2320.0,50.0,54.0
233,MARYLAND,Male,2217.0,2047.0,1457.0,66.0,71.0,1107.0,50.0,54.0
234,MARYLAND,Female,2449.0,2235.0,1639.0,67.0,73.0,1213.0,50.0,54.0
235,MARYLAND,White alone,2800.0,2635.0,2021.0,72.0,77.0,1536.0,55.0,58.0
236,MARYLAND,White non-Hispanic alone,2466.0,2421.0,1869.0,76.0,77.0,1414.0,57.0,58.0
237,MARYLAND,Black alone,1414.0,1293.0,856.0,61.0,66.0,630.0,45.0,49.0
238,MARYLAND,Asian alone,315.0,217.0,142.0,45.0,65.0,94.0,30.0,43.0
239,MARYLAND,Hispanic (of any race),500.0,328.0,195.0,39.0,60.0,158.0,32.0,48.0
240,MARYLAND,White alone or in combination,2874.0,2708.0,2064.0,72.0,76.0,1572.0,55.0,58.0
241,MARYLAND,Black alone or in combination,1467.0,1346.0,887.0,61.0,66.0,651.0,44.0,48.0
242,MARYLAND,Asian alone or in combination,331.0,234.0,154.0,47.0,66.0,103.0,31.0,44.0
243,MASSACHUSETTS,Total,5460.0,4919.0,3345.0,61.0,68.0,2731.0,50.0,56.0
244,MASSACHUSETTS,Male,2594.0,2335.0,1556.0,60.0,67.0,1280.0,49.0,55.0
245,MASSACHUSETTS,Female,2866.0,2583.0,1789.0,62.0,69.0,1451.0,51.0,56.0
246,MASSACHUSETTS,White alone,4417.0,4156.0,2934.0,66.0,71.0,2397.0,54.0,58.0
247,MASSACHUSETTS,White non-Hispanic alone,4006.0,3858.0,2737.0,68.0,71.0,2266.0,57.0,59.0
248,MASSACHUSETTS,Black alone,454.0,413.0,240.0,53.0,58.0,194.0,43.0,47.0
249,MASSACHUSETTS,Asian alone,416.0,234.0,113.0,27.0,48.0,101.0,24.0,43.0
250,MASSACHUSETTS,Hispanic (of any race),565.0,414.0,249.0,44.0,60.0,177.0,31.0,43.0
251,MASSACHUSETTS,White alone or in combination,4584.0,4266.0,2993.0,65.0,70.0,2437.0,53.0,57.0
252,MASSACHUSETTS,Black alone or in combination,561.0,464.0,258.0,46.0,56.0,203.0,36.0,44.0
253,MASSACHUSETTS,Asian alone or in combination,467.0,284.0,144.0,31.0,51.0,125.0,27.0,44.0
254,MICHIGAN,Total,7657.0,7430.0,5453.0,71.0,73.0,4418.0,58.0,60.0
255,MICHIGAN,Male,3688.0,3564.0,2563.0,70.0,72.0,2072.0,56.0,58.0
256,MICHIGAN,Female,3970.0,3866.0,2890.0,73.0,75.0,2346.0,59.0,61.0
257,MICHIGAN,White alone,6257.0,6171.0,4620.0,74.0,75.0,3724.0,60.0,60.0
258,MICHIGAN,White non-Hispanic alone,6033.0,5973.0,4526.0,75.0,76.0,3648.0,61.0,61.0
259,MICHIGAN,Black alone,1027.0,1003.0,670.0,65.0,67.0,557.0,54.0,56.0
260,MICHIGAN,Asian alone,242.0,134.0,91.0,38.0,68.0,72.0,30.0,54.0
261,MICHIGAN,Hispanic (of any race),241.0,203.0,99.0,41.0,49.0,81.0,34.0,40.0
262,MICHIGAN,White alone or in combination,6335.0,6243.0,4671.0,74.0,75.0,3770.0,60.0,60.0
263,MICHIGAN,Black alone or in combination,1078.0,1048.0,690.0,64.0,66.0,571.0,53.0,55.0
264,MICHIGAN,Asian alone or in combination,265.0,157.0,114.0,43.0,73.0,96.0,36.0,61.0
265,MINNESOTA,Total,4238.0,4006.0,3000.0,71.0,75.0,2523.0,60.0,63.0
266,MINNESOTA,Male,2099.0,1969.0,1429.0,68.0,73.0,1194.0,57.0,61.0
267,MINNESOTA,Female,2139.0,2037.0,1570.0,73.0,77.0,1329.0,62.0,65.0
268,MINNESOTA,White alone,3632.0,3537.0,2727.0,75.0,77.0,2286.0,63.0,65.0
269,MINNESOTA,White non-Hispanic alone,3485.0,3471.0,2683.0,77.0,77.0,2249.0,65.0,65.0
270,MINNESOTA,Black alone,252.0,194.0,128.0,51.0,66.0,106.0,42.0,55.0
271,MINNESOTA,Asian alone,225.0,157.0,78.0,35.0,50.0,68.0,30.0,43.0
272,MINNESOTA,Hispanic (of any race),156.0,65.0,44.0,28.0,B,37.0,24.0,B
273,MINNESOTA,White alone or in combination,3698.0,3593.0,2772.0,75.0,77.0,2327.0,63.0,65.0
274,MINNESOTA,Black alone or in combination,287.0,219.0,153.0,54.0,70.0,127.0,45.0,58.0
275,MINNESOTA,Asian alone or in combination,241.0,172.0,93.0,39.0,54.0,83.0,35.0,48.0
276,MISSISSIPPI,Total,2194.0,2178.0,1599.0,73.0,73.0,1180.0,54.0,54.0
277,MISSISSIPPI,Male,1027.0,1016.0,718.0,70.0,71.0,531.0,52.0,52.0
278,MISSISSIPPI,Female,1167.0,1162.0,881.0,76.0,76.0,650.0,56.0,56.0
279,MISSISSIPPI,White alone,1353.0,1341.0,956.0,71.0,71.0,688.0,51.0,51.0
280,MISSISSIPPI,White non-Hispanic alone,1317.0,1314.0,943.0,72.0,72.0,679.0,52.0,52.0
281,MISSISSIPPI,Black alone,798.0,796.0,621.0,78.0,78.0,476.0,60.0,60.0
282,MISSISSIPPI,Asian alone,16.0,14.0,3.0,B,B,-,B,B
283,MISSISSIPPI,Hispanic (of any race),44.0,33.0,16.0,B,B,11.0,B,B
284,MISSISSIPPI,White alone or in combination,1370.0,1359.0,969.0,71.0,71.0,700.0,51.0,52.0
285,MISSISSIPPI,Black alone or in combination,812.0,809.0,630.0,78.0,78.0,484.0,60.0,60.0
286,MISSISSIPPI,Asian alone or in combination,19.0,17.0,5.0,B,B,-,B,B
287,MISSOURI,Total,4676.0,4564.0,3299.0,71.0,72.0,2509.0,54.0,55.0
288,MISSOURI,Male,2243.0,2202.0,1541.0,69.0,70.0,1162.0,52.0,53.0
289,MISSOURI,Female,2433.0,2361.0,1758.0,72.0,75.0,1346.0,55.0,57.0
290,MISSOURI,White alone,4006.0,3944.0,2887.0,72.0,73.0,2227.0,56.0,57.0
291,MISSOURI,White non-Hispanic alone,3874.0,3856.0,2839.0,73.0,74.0,2185.0,56.0,57.0
292,MISSOURI,Black alone,504.0,497.0,326.0,65.0,66.0,238.0,47.0,48.0
293,MISSOURI,Asian alone,55.0,35.0,17.0,B,B,3.0,B,B
294,MISSOURI,Hispanic (of any race),176.0,108.0,53.0,30.0,49.0,47.0,27.0,43.0
295,MISSOURI,White alone or in combination,4060.0,3991.0,2927.0,72.0,73.0,2253.0,56.0,57.0
296,MISSOURI,Black alone or in combination,531.0,519.0,340.0,64.0,66.0,245.0,46.0,47.0
297,MISSOURI,Asian alone or in combination,55.0,35.0,17.0,B,B,3.0,B,B
298,MONTANA,Total,822.0,812.0,579.0,70.0,71.0,518.0,63.0,64.0
299,MONTANA,Male,405.0,402.0,279.0,69.0,70.0,247.0,61.0,62.0
300,MONTANA,Female,417.0,411.0,300.0,72.0,73.0,271.0,65.0,66.0
301,MONTANA,White alone,769.0,760.0,546.0,71.0,72.0,494.0,64.0,65.0
302,MONTANA,White non-Hispanic alone,747.0,740.0,534.0,72.0,72.0,483.0,65.0,65.0
303,MONTANA,Black alone,4.0,4.0,1.0,B,B,-,B,B
304,MONTANA,Asian alone,5.0,4.0,3.0,B,B,3.0,B,B
305,MONTANA,Hispanic (of any race),22.0,20.0,11.0,B,B,11.0,B,B
306,MONTANA,White alone or in combination,784.0,775.0,557.0,71.0,72.0,504.0,64.0,65.0
307,MONTANA,Black alone or in combination,7.0,7.0,3.0,B,B,1.0,B,B
308,MONTANA,Asian alone or in combination,8.0,7.0,5.0,B,B,4.0,B,B
309,NEBRASKA,Total,1428.0,1332.0,883.0,62.0,66.0,676.0,47.0,51.0
310,NEBRASKA,Male,710.0,652.0,418.0,59.0,64.0,314.0,44.0,48.0
311,NEBRASKA,Female,718.0,680.0,466.0,65.0,69.0,362.0,51.0,53.0
312,NEBRASKA,White alone,1277.0,1203.0,822.0,64.0,68.0,633.0,50.0,53.0
313,NEBRASKA,White non-Hispanic alone,1113.0,1108.0,782.0,70.0,71.0,606.0,55.0,55.0
314,NEBRASKA,Black alone,60.0,59.0,26.0,B,B,15.0,B,B
315,NEBRASKA,Asian alone,58.0,37.0,11.0,B,B,8.0,B,B
316,NEBRASKA,Hispanic (of any race),175.0,105.0,50.0,29.0,48.0,34.0,20.0,33.0
317,NEBRASKA,White alone or in combination,1301.0,1226.0,839.0,65.0,68.0,649.0,50.0,53.0
318,NEBRASKA,Black alone or in combination,66.0,65.0,29.0,B,B,18.0,B,B
319,NEBRASKA,Asian alone or in combination,60.0,40.0,11.0,B,B,8.0,B,B
320,NEVADA,Total,2324.0,2067.0,1277.0,55.0,62.0,1006.0,43.0,49.0
321,NEVADA,Male,1145.0,1043.0,616.0,54.0,59.0,497.0,43.0,48.0
322,NEVADA,Female,1179.0,1024.0,662.0,56.0,65.0,509.0,43.0,50.0
323,NEVADA,White alone,1731.0,1573.0,1009.0,58.0,64.0,818.0,47.0,52.0
324,NEVADA,White non-Hispanic alone,1261.0,1239.0,850.0,67.0,69.0,701.0,56.0,57.0
325,NEVADA,Black alone,197.0,178.0,108.0,55.0,61.0,65.0,33.0,37.0
326,NEVADA,Asian alone,230.0,177.0,69.0,30.0,39.0,49.0,21.0,28.0
327,NEVADA,Hispanic (of any race),584.0,415.0,212.0,36.0,51.0,156.0,27.0,38.0
328,NEVADA,White alone or in combination,1798.0,1635.0,1058.0,59.0,65.0,854.0,48.0,52.0
329,NEVADA,Black alone or in combination,205.0,185.0,114.0,56.0,62.0,69.0,34.0,37.0
330,NEVADA,Asian alone or in combination,248.0,195.0,78.0,32.0,40.0,58.0,23.0,30.0
331,NEW HAMPSHIRE,Total,1080.0,1025.0,726.0,67.0,71.0,576.0,53.0,56.0
332,NEW HAMPSHIRE,Male,530.0,507.0,359.0,68.0,71.0,280.0,53.0,55.0
333,NEW HAMPSHIRE,Female,550.0,519.0,367.0,67.0,71.0,296.0,54.0,57.0
334,NEW HAMPSHIRE,White alone,1002.0,978.0,698.0,70.0,71.0,556.0,56.0,57.0
335,NEW HAMPSHIRE,White non-Hispanic alone,970.0,956.0,683.0,70.0,71.0,545.0,56.0,57.0
336,NEW HAMPSHIRE,Black alone,16.0,4.0,2.0,B,B,2.0,B,B
337,NEW HAMPSHIRE,Asian alone,38.0,23.0,15.0,B,B,10.0,B,B
338,NEW HAMPSHIRE,Hispanic (of any race),42.0,25.0,18.0,B,B,14.0,B,B
339,NEW HAMPSHIRE,White alone or in combination,1019.0,991.0,706.0,69.0,71.0,562.0,55.0,57.0
340,NEW HAMPSHIRE,Black alone or in combination,27.0,12.0,7.0,B,B,6.0,B,B
341,NEW HAMPSHIRE,Asian alone or in combination,41.0,26.0,17.0,B,B,13.0,B,B
342,NEW JERSEY,Total,7009.0,6267.0,4297.0,61.0,69.0,3384.0,48.0,54.0
343,NEW JERSEY,Male,3348.0,2998.0,2046.0,61.0,68.0,1577.0,47.0,53.0
344,NEW JERSEY,Female,3660.0,3269.0,2251.0,62.0,69.0,1808.0,49.0,55.0
345,NEW JERSEY,White alone,5227.0,4788.0,3349.0,64.0,70.0,2678.0,51.0,56.0
346,NEW JERSEY,White non-Hispanic alone,4081.0,3944.0,2847.0,70.0,72.0,2283.0,56.0,58.0
347,NEW JERSEY,Black alone,1013.0,917.0,611.0,60.0,67.0,472.0,47.0,52.0
348,NEW JERSEY,Asian alone,690.0,483.0,281.0,41.0,58.0,188.0,27.0,39.0
349,NEW JERSEY,Hispanic (of any race),1259.0,920.0,578.0,46.0,63.0,471.0,37.0,51.0
350,NEW JERSEY,White alone or in combination,5302.0,4863.0,3401.0,64.0,70.0,2725.0,51.0,56.0
351,NEW JERSEY,Black alone or in combination,1081.0,985.0,663.0,61.0,67.0,515.0,48.0,52.0
352,NEW JERSEY,Asian alone or in combination,697.0,490.0,284.0,41.0,58.0,191.0,27.0,39.0
353,NEW MEXICO,Total,1576.0,1485.0,916.0,58.0,62.0,715.0,45.0,48.0
354,NEW MEXICO,Male,761.0,715.0,422.0,56.0,59.0,327.0,43.0,46.0
355,NEW MEXICO,Female,815.0,770.0,493.0,61.0,64.0,387.0,48.0,50.0
356,NEW MEXICO,White alone,1251.0,1178.0,764.0,61.0,65.0,616.0,49.0,52.0
357,NEW MEXICO,White non-Hispanic alone,644.0,634.0,465.0,72.0,73.0,388.0,60.0,61.0
358,NEW MEXICO,Black alone,30.0,27.0,15.0,B,B,9.0,B,B
359,NEW MEXICO,Asian alone,32.0,21.0,9.0,B,B,7.0,B,B
360,NEW MEXICO,Hispanic (of any race),666.0,597.0,322.0,48.0,54.0,242.0,36.0,41.0
361,NEW MEXICO,White alone or in combination,1284.0,1206.0,777.0,61.0,65.0,626.0,49.0,52.0
362,NEW MEXICO,Black alone or in combination,39.0,36.0,19.0,B,B,11.0,B,B
363,NEW MEXICO,Asian alone or in combination,35.0,25.0,10.0,B,B,8.0,B,B
364,NEW YORK,Total,15478.0,13684.0,8553.0,55.0,63.0,6775.0,44.0,50.0
365,NEW YORK,Male,7364.0,6512.0,3934.0,53.0,60.0,3081.0,42.0,47.0
366,NEW YORK,Female,8113.0,7171.0,4619.0,57.0,64.0,3694.0,46.0,52.0
367,NEW YORK,White alone,11157.0,10070.0,6474.0,58.0,64.0,5129.0,46.0,51.0
368,NEW YORK,White non-Hispanic alone,9108.0,8708.0,5770.0,63.0,66.0,4604.0,51.0,53.0
369,NEW YORK,Black alone,2570.0,2305.0,1410.0,55.0,61.0,1182.0,46.0,51.0
370,NEW YORK,Asian alone,1443.0,1061.0,504.0,35.0,48.0,344.0,24.0,32.0
371,NEW YORK,Hispanic (of any race),2604.0,1785.0,963.0,37.0,54.0,731.0,28.0,41.0
372,NEW YORK,White alone or in combination,11374.0,10239.0,6590.0,58.0,64.0,5215.0,46.0,51.0
373,NEW YORK,Black alone or in combination,2721.0,2414.0,1481.0,54.0,61.0,1236.0,45.0,51.0
374,NEW YORK,Asian alone or in combination,1467.0,1085.0,523.0,36.0,48.0,358.0,24.0,33.0
375,NORTH CAROLINA,Total,7911.0,7444.0,5160.0,65.0,69.0,3899.0,49.0,52.0
376,NORTH CAROLINA,Male,3748.0,3495.0,2384.0,64.0,68.0,1822.0,49.0,52.0
377,NORTH CAROLINA,Female,4163.0,3949.0,2776.0,67.0,70.0,2077.0,50.0,53.0
378,NORTH CAROLINA,White alone,5775.0,5400.0,3830.0,66.0,71.0,2903.0,50.0,54.0
379,NORTH CAROLINA,White non-Hispanic alone,5239.0,5170.0,3721.0,71.0,72.0,2814.0,54.0,54.0
380,NORTH CAROLINA,Black alone,1685.0,1646.0,1110.0,66.0,67.0,852.0,51.0,52.0
381,NORTH CAROLINA,Asian alone,186.0,149.0,90.0,49.0,61.0,68.0,36.0,46.0
382,NORTH CAROLINA,Hispanic (of any race),588.0,268.0,131.0,22.0,49.0,104.0,18.0,39.0
383,NORTH CAROLINA,White alone or in combination,5865.0,5474.0,3889.0,66.0,71.0,2939.0,50.0,54.0
384,NORTH CAROLINA,Black alone or in combination,1748.0,1696.0,1156.0,66.0,68.0,872.0,50.0,51.0
385,NORTH CAROLINA,Asian alone or in combination,198.0,159.0,95.0,48.0,60.0,73.0,37.0,46.0
386,NORTH DAKOTA,Total,560.0,541.0,397.0,71.0,73.0,335.0,60.0,62.0
387,NORTH DAKOTA,Male,286.0,275.0,194.0,68.0,71.0,160.0,56.0,58.0
388,NORTH DAKOTA,Female,274.0,266.0,204.0,74.0,77.0,175.0,64.0,66.0
389,NORTH DAKOTA,White alone,499.0,494.0,368.0,74.0,75.0,315.0,63.0,64.0
390,NORTH DAKOTA,White non-Hispanic alone,488.0,483.0,362.0,74.0,75.0,311.0,64.0,64.0
391,NORTH DAKOTA,Black alone,14.0,6.0,2.0,B,B,1.0,B,B
392,NORTH DAKOTA,Asian alone,8.0,3.0,-,B,B,-,B,B
393,NORTH DAKOTA,Hispanic (of any race),16.0,15.0,10.0,B,B,7.0,B,B
394,NORTH DAKOTA,White alone or in combination,507.0,501.0,374.0,74.0,75.0,320.0,63.0,64.0
395,NORTH DAKOTA,Black alone or in combination,15.0,7.0,3.0,B,B,2.0,B,B
396,NORTH DAKOTA,Asian alone or in combination,9.0,4.0,2.0,B,B,1.0,B,B
397,OHIO,Total,8873.0,8640.0,6062.0,68.0,70.0,4538.0,51.0,53.0
398,OHIO,Male,4294.0,4158.0,2840.0,66.0,68.0,2035.0,47.0,49.0
399,OHIO,Female,4579.0,4482.0,3222.0,70.0,72.0,2503.0,55.0,56.0
400,OHIO,White alone,7372.0,7280.0,5152.0,70.0,71.0,3889.0,53.0,53.0
401,OHIO,White non-Hispanic alone,7203.0,7142.0,5058.0,70.0,71.0,3849.0,53.0,54.0
402,OHIO,Black alone,1054.0,1010.0,707.0,67.0,70.0,519.0,49.0,51.0
403,OHIO,Asian alone,207.0,129.0,93.0,45.0,72.0,65.0,31.0,50.0
404,OHIO,Hispanic (of any race),235.0,185.0,121.0,52.0,65.0,60.0,26.0,33.0
405,OHIO,White alone or in combination,7519.0,7420.0,5215.0,69.0,70.0,3920.0,52.0,53.0
406,OHIO,Black alone or in combination,1171.0,1120.0,761.0,65.0,68.0,544.0,47.0,49.0
407,OHIO,Asian alone or in combination,223.0,145.0,98.0,44.0,67.0,69.0,31.0,48.0
408,OKLAHOMA,Total,2868.0,2732.0,1777.0,62.0,65.0,1350.0,47.0,49.0
409,OKLAHOMA,Male,1388.0,1330.0,824.0,59.0,62.0,626.0,45.0,47.0
410,OKLAHOMA,Female,1480.0,1402.0,953.0,64.0,68.0,724.0,49.0,52.0
411,OKLAHOMA,White alone,2254.0,2148.0,1422.0,63.0,66.0,1098.0,49.0,51.0
412,OKLAHOMA,White non-Hispanic alone,1957.0,1951.0,1341.0,69.0,69.0,1035.0,53.0,53.0
413,OKLAHOMA,Black alone,195.0,184.0,90.0,46.0,49.0,61.0,31.0,33.0
414,OKLAHOMA,Asian alone,70.0,50.0,23.0,B,B,15.0,B,B
415,OKLAHOMA,Hispanic (of any race),310.0,210.0,88.0,29.0,42.0,71.0,23.0,34.0
416,OKLAHOMA,White alone or in combination,2370.0,2264.0,1510.0,64.0,67.0,1162.0,49.0,51.0
417,OKLAHOMA,Black alone or in combination,212.0,201.0,103.0,49.0,51.0,72.0,34.0,36.0
418,OKLAHOMA,Asian alone or in combination,73.0,53.0,26.0,B,B,18.0,B,B
419,OREGON,Total,3293.0,3138.0,2274.0,69.0,73.0,1918.0,58.0,61.0
420,OREGON,Male,1612.0,1542.0,1078.0,67.0,70.0,912.0,57.0,59.0
421,OREGON,Female,1681.0,1596.0,1197.0,71.0,75.0,1006.0,60.0,63.0
422,OREGON,White alone,2874.0,2781.0,2059.0,72.0,74.0,1769.0,62.0,64.0
423,OREGON,White non-Hispanic alone,2584.0,2569.0,1956.0,76.0,76.0,1694.0,66.0,66.0
424,OREGON,Black alone,78.0,71.0,43.0,56.0,B,41.0,52.0,B
425,OREGON,Asian alone,172.0,138.0,71.0,41.0,51.0,36.0,21.0,26.0
426,OREGON,Hispanic (of any race),365.0,267.0,140.0,38.0,52.0,93.0,25.0,35.0
427,OREGON,White alone or in combination,3005.0,2892.0,2138.0,71.0,74.0,1826.0,61.0,63.0
428,OREGON,Black alone or in combination,97.0,90.0,59.0,61.0,65.0,52.0,53.0,58.0
429,OREGON,Asian alone or in combination,189.0,155.0,83.0,44.0,54.0,41.0,22.0,26.0
430,PENNSYLVANIA,Total,9928.0,9475.0,6469.0,65.0,68.0,5173.0,52.0,55.0
431,PENNSYLVANIA,Male,4736.0,4532.0,3056.0,65.0,67.0,2445.0,52.0,54.0
432,PENNSYLVANIA,Female,5192.0,4943.0,3414.0,66.0,69.0,2728.0,53.0,55.0
433,PENNSYLVANIA,White alone,8277.0,8073.0,5628.0,68.0,70.0,4461.0,54.0,55.0
434,PENNSYLVANIA,White non-Hispanic alone,7712.0,7635.0,5434.0,71.0,71.0,4323.0,56.0,57.0
435,PENNSYLVANIA,Black alone,1059.0,1028.0,653.0,62.0,64.0,562.0,53.0,55.0
436,PENNSYLVANIA,Asian alone,423.0,230.0,106.0,25.0,46.0,87.0,21.0,38.0
437,PENNSYLVANIA,Hispanic (of any race),657.0,529.0,218.0,33.0,41.0,154.0,23.0,29.0
438,PENNSYLVANIA,White alone or in combination,8418.0,8189.0,5693.0,68.0,70.0,4510.0,54.0,55.0
439,PENNSYLVANIA,Black alone or in combination,1169.0,1113.0,700.0,60.0,63.0,589.0,50.0,53.0
440,PENNSYLVANIA,Asian alone or in combination,440.0,247.0,123.0,28.0,50.0,104.0,24.0,42.0
441,RHODE ISLAND,Total,828.0,782.0,532.0,64.0,68.0,403.0,49.0,52.0
442,RHODE ISLAND,Male,394.0,373.0,238.0,61.0,64.0,186.0,47.0,50.0
443,RHODE ISLAND,Female,435.0,408.0,293.0,68.0,72.0,217.0,50.0,53.0
444,RHODE ISLAND,White alone,724.0,699.0,488.0,67.0,70.0,374.0,52.0,53.0
445,RHODE ISLAND,White non-Hispanic alone,642.0,633.0,447.0,70.0,71.0,345.0,54.0,55.0
446,RHODE ISLAND,Black alone,53.0,45.0,26.0,B,B,16.0,B,B
447,RHODE ISLAND,Asian alone,26.0,16.0,7.0,B,B,5.0,B,B
448,RHODE ISLAND,Hispanic (of any race),98.0,79.0,44.0,45.0,56.0,30.0,31.0,38.0
449,RHODE ISLAND,White alone or in combination,746.0,718.0,498.0,67.0,69.0,382.0,51.0,53.0
450,RHODE ISLAND,Black alone or in combination,71.0,60.0,34.0,B,B,23.0,B,B
451,RHODE ISLAND,Asian alone or in combination,30.0,19.0,7.0,B,B,5.0,B,B
452,SOUTH CAROLINA,Total,3914.0,3769.0,2430.0,62.0,65.0,1836.0,47.0,49.0
453,SOUTH CAROLINA,Male,1849.0,1767.0,1121.0,61.0,64.0,828.0,45.0,47.0
454,SOUTH CAROLINA,Female,2066.0,2002.0,1309.0,63.0,65.0,1007.0,49.0,50.0
455,SOUTH CAROLINA,White alone,2790.0,2677.0,1727.0,62.0,65.0,1276.0,46.0,48.0
456,SOUTH CAROLINA,White non-Hispanic alone,2610.0,2588.0,1690.0,65.0,65.0,1257.0,48.0,49.0
457,SOUTH CAROLINA,Black alone,1000.0,996.0,646.0,65.0,65.0,519.0,52.0,52.0
458,SOUTH CAROLINA,Asian alone,54.0,29.0,19.0,B,B,9.0,B,B
459,SOUTH CAROLINA,Hispanic (of any race),207.0,110.0,36.0,18.0,33.0,19.0,9.0,18.0
460,SOUTH CAROLINA,White alone or in combination,2836.0,2722.0,1756.0,62.0,65.0,1298.0,46.0,48.0
461,SOUTH CAROLINA,Black alone or in combination,1041.0,1036.0,672.0,65.0,65.0,539.0,52.0,52.0
462,SOUTH CAROLINA,Asian alone or in combination,56.0,32.0,19.0,B,B,9.0,B,B
463,SOUTH DAKOTA,Total,648.0,637.0,429.0,66.0,67.0,331.0,51.0,52.0
464,SOUTH DAKOTA,Male,325.0,319.0,207.0,64.0,65.0,160.0,49.0,50.0
465,SOUTH DAKOTA,Female,323.0,318.0,222.0,69.0,70.0,170.0,53.0,54.0
466,SOUTH DAKOTA,White alone,573.0,568.0,392.0,69.0,69.0,305.0,53.0,54.0
467,SOUTH DAKOTA,White non-Hispanic alone,561.0,559.0,389.0,69.0,70.0,303.0,54.0,54.0
468,SOUTH DAKOTA,Black alone,12.0,7.0,2.0,B,B,1.0,B,B
469,SOUTH DAKOTA,Asian alone,5.0,3.0,1.0,B,B,1.0,B,B
470,SOUTH DAKOTA,Hispanic (of any race),15.0,13.0,5.0,B,B,4.0,B,B
471,SOUTH DAKOTA,White alone or in combination,579.0,575.0,395.0,68.0,69.0,308.0,53.0,54.0
472,SOUTH DAKOTA,Black alone or in combination,14.0,9.0,2.0,B,B,1.0,B,B
473,SOUTH DAKOTA,Asian alone or in combination,6.0,4.0,2.0,B,B,2.0,B,B
474,TENNESSEE,Total,5202.0,5016.0,3183.0,61.0,64.0,2487.0,48.0,50.0
475,TENNESSEE,Male,2501.0,2386.0,1476.0,59.0,62.0,1174.0,47.0,49.0
476,TENNESSEE,Female,2701.0,2630.0,1707.0,63.0,65.0,1313.0,49.0,50.0
477,TENNESSEE,White alone,4156.0,4015.0,2606.0,63.0,65.0,2039.0,49.0,51.0
478,TENNESSEE,White non-Hispanic alone,3879.0,3852.0,2536.0,65.0,66.0,1991.0,51.0,52.0
479,TENNESSEE,Black alone,830.0,801.0,484.0,58.0,60.0,368.0,44.0,46.0
480,TENNESSEE,Asian alone,109.0,97.0,32.0,29.0,33.0,29.0,27.0,30.0
481,TENNESSEE,Hispanic (of any race),282.0,167.0,69.0,25.0,41.0,48.0,17.0,29.0
482,TENNESSEE,White alone or in combination,4244.0,4099.0,2660.0,63.0,65.0,2087.0,49.0,51.0
483,TENNESSEE,Black alone or in combination,866.0,837.0,496.0,57.0,59.0,376.0,44.0,45.0
484,TENNESSEE,Asian alone or in combination,124.0,109.0,36.0,29.0,33.0,34.0,27.0,31.0
485,TEXAS,Total,21064.0,18374.0,11634.0,55.0,63.0,8886.0,42.0,48.0
486,TEXAS,Male,10274.0,8812.0,5361.0,52.0,61.0,4064.0,40.0,46.0
487,TEXAS,Female,10790.0,9562.0,6273.0,58.0,66.0,4822.0,45.0,50.0
488,TEXAS,White alone,16689.0,14555.0,9331.0,56.0,64.0,7158.0,43.0,49.0
489,TEXAS,White non-Hispanic alone,9492.0,9345.0,6686.0,70.0,72.0,5394.0,57.0,58.0
490,TEXAS,Black alone,2625.0,2490.0,1580.0,60.0,63.0,1203.0,46.0,48.0
491,TEXAS,Asian alone,1097.0,736.0,397.0,36.0,54.0,288.0,26.0,39.0
492,TEXAS,Hispanic (of any race),7658.0,5594.0,2843.0,37.0,51.0,1918.0,25.0,34.0
493,TEXAS,White alone or in combination,16991.0,14838.0,9496.0,56.0,64.0,7276.0,43.0,49.0
494,TEXAS,Black alone or in combination,2722.0,2583.0,1629.0,60.0,63.0,1231.0,45.0,48.0
495,TEXAS,Asian alone or in combination,1192.0,831.0,471.0,40.0,57.0,354.0,30.0,43.0
496,UTAH,Total,2247.0,2109.0,1443.0,64.0,68.0,1214.0,54.0,58.0
497,UTAH,Male,1109.0,1040.0,691.0,62.0,66.0,568.0,51.0,55.0
498,UTAH,Female,1138.0,1068.0,752.0,66.0,70.0,646.0,57.0,61.0
499,UTAH,White alone,2080.0,1969.0,1385.0,67.0,70.0,1171.0,56.0,60.0
500,UTAH,White non-Hispanic alone,1799.0,1785.0,1293.0,72.0,72.0,1092.0,61.0,61.0
501,UTAH,Black alone,31.0,29.0,8.0,B,B,5.0,B,B
502,UTAH,Asian alone,63.0,44.0,26.0,B,B,22.0,B,B
503,UTAH,Hispanic (of any race),291.0,189.0,96.0,33.0,51.0,82.0,28.0,44.0
504,UTAH,White alone or in combination,2091.0,1979.0,1392.0,67.0,70.0,1175.0,56.0,59.0
505,UTAH,Black alone or in combination,35.0,33.0,12.0,B,B,10.0,B,B
506,UTAH,Asian alone or in combination,67.0,48.0,26.0,B,B,22.0,B,B
507,VERMONT,Total,503.0,497.0,343.0,68.0,69.0,273.0,54.0,55.0
508,VERMONT,Male,247.0,243.0,168.0,68.0,69.0,132.0,54.0,54.0
509,VERMONT,Female,257.0,253.0,175.0,68.0,69.0,141.0,55.0,56.0
510,VERMONT,White alone,478.0,473.0,330.0,69.0,70.0,263.0,55.0,56.0
511,VERMONT,White non-Hispanic alone,472.0,466.0,323.0,69.0,69.0,258.0,55.0,55.0
512,VERMONT,Black alone,4.0,4.0,2.0,B,B,1.0,B,B
513,VERMONT,Asian alone,5.0,4.0,3.0,B,B,3.0,B,B
514,VERMONT,Hispanic (of any race),8.0,8.0,7.0,B,B,6.0,B,B
515,VERMONT,White alone or in combination,493.0,486.0,338.0,69.0,70.0,268.0,55.0,55.0
516,VERMONT,Black alone or in combination,7.0,7.0,3.0,B,B,2.0,B,B
517,VERMONT,Asian alone or in combination,8.0,7.0,5.0,B,B,3.0,B,B
518,VIRGINIA,Total,6386.0,5773.0,4159.0,65.0,72.0,3319.0,52.0,58.0
519,VIRGINIA,Male,3051.0,2724.0,1958.0,64.0,72.0,1578.0,52.0,58.0
520,VIRGINIA,Female,3335.0,3049.0,2201.0,66.0,72.0,1742.0,52.0,57.0
521,VIRGINIA,White alone,4496.0,4094.0,3065.0,68.0,75.0,2412.0,54.0,59.0
522,VIRGINIA,White non-Hispanic alone,3874.0,3808.0,2924.0,76.0,77.0,2314.0,60.0,61.0
523,VIRGINIA,Black alone,1198.0,1130.0,754.0,63.0,67.0,637.0,53.0,56.0
524,VIRGINIA,Asian alone,510.0,368.0,226.0,44.0,61.0,169.0,33.0,46.0
525,VIRGINIA,Hispanic (of any race),669.0,324.0,159.0,24.0,49.0,112.0,17.0,35.0
526,VIRGINIA,White alone or in combination,4617.0,4215.0,3156.0,68.0,75.0,2490.0,54.0,59.0
527,VIRGINIA,Black alone or in combination,1258.0,1190.0,786.0,63.0,66.0,664.0,53.0,56.0
528,VIRGINIA,Asian alone or in combination,587.0,445.0,286.0,49.0,64.0,224.0,38.0,50.0
529,WASHINGTON,Total,5775.0,5228.0,3852.0,67.0,74.0,3234.0,56.0,62.0
530,WASHINGTON,Male,2869.0,2590.0,1861.0,65.0,72.0,1541.0,54.0,60.0
531,WASHINGTON,Female,2906.0,2638.0,1991.0,69.0,76.0,1693.0,58.0,64.0
532,WASHINGTON,White alone,4663.0,4314.0,3219.0,69.0,75.0,2736.0,59.0,63.0
533,WASHINGTON,White non-Hispanic alone,3995.0,3905.0,2983.0,75.0,76.0,2558.0,64.0,66.0
534,WASHINGTON,Black alone,232.0,232.0,155.0,67.0,67.0,103.0,44.0,44.0
535,WASHINGTON,Asian alone,530.0,356.0,262.0,49.0,73.0,224.0,42.0,63.0
536,WASHINGTON,Hispanic (of any race),736.0,468.0,267.0,36.0,57.0,204.0,28.0,44.0
537,WASHINGTON,White alone or in combination,4792.0,4434.0,3321.0,69.0,75.0,2816.0,59.0,64.0
538,WASHINGTON,Black alone or in combination,255.0,255.0,175.0,68.0,68.0,117.0,46.0,46.0
539,WASHINGTON,Asian alone or in combination,559.0,386.0,287.0,51.0,75.0,237.0,42.0,62.0
540,WEST VIRGINIA,Total,1406.0,1384.0,892.0,63.0,65.0,610.0,43.0,44.0
541,WEST VIRGINIA,Male,685.0,674.0,423.0,62.0,63.0,294.0,43.0,44.0
542,WEST VIRGINIA,Female,721.0,710.0,470.0,65.0,66.0,316.0,44.0,45.0
543,WEST VIRGINIA,White alone,1312.0,1303.0,856.0,65.0,66.0,585.0,45.0,45.0
544,WEST VIRGINIA,White non-Hispanic alone,1291.0,1286.0,847.0,66.0,66.0,582.0,45.0,45.0
545,WEST VIRGINIA,Black alone,49.0,47.0,19.0,B,B,12.0,B,B
546,WEST VIRGINIA,Asian alone,17.0,6.0,4.0,B,B,3.0,B,B
547,WEST VIRGINIA,Hispanic (of any race),24.0,20.0,10.0,B,B,4.0,B,B
548,WEST VIRGINIA,White alone or in combination,1334.0,1324.0,867.0,65.0,66.0,594.0,45.0,45.0
549,WEST VIRGINIA,Black alone or in combination,64.0,63.0,29.0,B,B,19.0,B,B
550,WEST VIRGINIA,Asian alone or in combination,19.0,7.0,5.0,B,B,4.0,B,B
551,WISCONSIN,Total,4436.0,4296.0,3129.0,71.0,73.0,2776.0,63.0,65.0
552,WISCONSIN,Male,2186.0,2105.0,1519.0,70.0,72.0,1328.0,61.0,63.0
553,WISCONSIN,Female,2250.0,2191.0,1610.0,72.0,74.0,1448.0,64.0,66.0
554,WISCONSIN,White alone,3948.0,3865.0,2883.0,73.0,75.0,2574.0,65.0,67.0
555,WISCONSIN,White non-Hispanic alone,3782.0,3759.0,2815.0,75.0,75.0,2514.0,67.0,67.0
556,WISCONSIN,Black alone,264.0,239.0,137.0,52.0,57.0,110.0,42.0,46.0
557,WISCONSIN,Asian alone,89.0,79.0,52.0,59.0,66.0,52.0,59.0,66.0
558,WISCONSIN,Hispanic (of any race),232.0,142.0,91.0,39.0,64.0,84.0,36.0,59.0
559,WISCONSIN,White alone or in combination,4015.0,3932.0,2923.0,73.0,74.0,2599.0,65.0,66.0
560,WISCONSIN,Black alone or in combination,313.0,266.0,159.0,51.0,60.0,123.0,39.0,46.0
561,WISCONSIN,Asian alone or in combination,94.0,84.0,57.0,61.0,68.0,57.0,61.0,68.0
562,WYOMING,Total,430.0,422.0,268.0,62.0,64.0,220.0,51.0,52.0
563,WYOMING,Male,216.0,212.0,134.0,62.0,63.0,107.0,50.0,51.0
564,WYOMING,Female,214.0,210.0,135.0,63.0,64.0,113.0,53.0,54.0
565,WYOMING,White alone,408.0,402.0,259.0,64.0,65.0,214.0,53.0,53.0
566,WYOMING,White non-Hispanic alone,369.0,368.0,244.0,66.0,66.0,202.0,55.0,55.0
567,WYOMING,Black alone,5.0,4.0,3.0,B,B,2.0,B,B
568,WYOMING,Asian alone,3.0,1.0,-,B,B,-,B,B
569,WYOMING,Hispanic (of any race),41.0,37.0,16.0,B,B,13.0,B,B
570,WYOMING,White alone or in combination,410.0,405.0,261.0,64.0,64.0,216.0,53.0,53.0
571,WYOMING,Black alone or in combination,6.0,5.0,3.0,B,B,2.0,B,B
572,WYOMING,Asian alone or in combination,3.0,1.0,-,B,B,-,B,B
